school_name,type,program,grades,hist_2023_24,hist_2024_25,hist_2025_26,fcst_2026_27,fcst_2027_28,fcst_2028_29,fcst_2029_30,fcst_2030_31,fcst_2031_32,fcst_2032_33,fcst_2033_34,fcst_2034_35,fcst_2035_36
Abernethy,ES,Total,K-5,330,284,269,250,242,242,247,244,241,237,232,225,223
Buckman,ES,Total,K-5,371,308,283,263,244,245,248,246,239,233,231,225,222
Duniway,ES,Total,K-5,409,387,362,362,338,347,344,348,345,340,337,329,325
Grout,ES,Total,K-5,302,294,327,306,303,300,297,285,280,275,267,260,255
Lewis,ES,Total,K-5,298,264,259,243,224,206,213,202,201,197,192,188,185
Llewellyn,ES,Total,K-5,393,373,345,333,312,303,313,316,312,310,304,297,291
Whitman,ES,Total,K-5,180,198,194,197,205,216,217,222,223,226,225,219,215
Woodstock,ES,Mandarin,K-5,237,206,190,190,193,200,195,197,194,192,187,182,180
Woodstock,ES,Neighborhood,K-5,214,188,177,163,149,144,142,139,131,127,122,121,121
Woodstock,ES,Total,K-5,451,394,367,353,342,344,337,336,325,319,309,303,301
Hosford,MS,Total,6-8,517,537,528,522,482,445,390,375,374,376,371,371,370
Sellwood,MS,Total,6-8,567,576,564,537,523,484,439,382,350,362,364,380,380
Cleveland,HS,Mandarin,9-12,146,131,115,104,113,122,126,124,112,115,115,122,121
Cleveland,HS,Neighborhood,9-12,1328,1291,1336,1314,1347,1345,1293,1279,1206,1116,1064,1017,1006
Cleveland,HS,Total,9-12,1474,1422,1451,1418,1460,1467,1419,1403,1318,1231,1179,1139,1127
Arleta,ES,Total,K-5,274,252,230,216,213,214,212,216,210,211,211,203,203
Atkinson,ES,Neighborhood,K-5,203,188,188,176,181,188,188,203,203,208,206,200,196
Atkinson,ES,Spanish,K-5,163,185,178,181,182,187,190,183,183,181,178,170,168
Atkinson,ES,Total,K-5,366,373,366,357,363,375,378,386,386,389,384,370,364
Creston,ES,Total,K-5,238,241,213,199,201,191,189,188,187,181,173,171,167
Glencoe,ES,Total,K-5,372,356,339,326,311,292,295,301,296,290,283,274,269
Kelly,ES,Neighborhood,K-5,232,246,268,265,257,258,253,246,246,245,241,235,233
Kelly,ES,Russian,K-5,144,139,143,147,145,144,150,148,145,143,141,139,139
Kelly,ES,Total,K-5,376,385,411,412,402,402,403,394,391,388,382,374,372
Lent,ES,Spanish,K-5,273,256,256,253,256,268,271,283,274,270,265,254,249
Lent,ES,Total,K-5,273,256,256,253,256,268,271,283,274,270,265,254,249
Marysville,ES,Total,K-5,359,320,307,294,300,308,317,317,312,306,297,287,279
Woodmere,ES,Total,K-5,248,242,227,222,224,222,223,217,225,221,216,209,200
Bridger Creative Science,K8,Total,K-8,515,474,446,449,450,444,440,421,415,418,418,411,403
Sunnyside Environmental,K8,Total,K-8,447,461,485,482,484,481,474,478,475,483,485,477,476
Kellogg,MS,Neighborhood,6-8,449,373,330,298,275,246,226,208,214,219,233,243,249
Kellogg,MS,Spanish,6-8,228,221,201,216,238,247,244,242,257,263,273,282,283
Kellogg,MS,Total,6-8,677,594,531,514,513,493,470,450,471,482,506,525,532
Lane,MS,Neighborhood,6-8,362,386,411,388,384,367,360,342,327,321,320,338,341
Lane,MS,Russian,6-8,29,32,36,37,33,35,33,30,30,31,32,32,31
Lane,MS,Total,6-8,391,418,447,425,417,402,393,372,357,352,352,370,372
Mt Tabor,MS,Japanese,6-8,244,238,222,216,213,210,204,209,210,210,205,205,209
Mt Tabor,MS,Neighborhood,6-8,259,229,208,199,193,201,182,165,144,149,160,161,162
Mt Tabor,MS,Total,6-8,503,467,430,415,406,411,386,374,354,359,365,366,371
Franklin,HS,Neighborhood,9-12,1622,1612,1578,1515,1479,1391,1336,1286,1242,1165,1080,1032,1005
Franklin,HS,Russian,9-12,41,36,29,23,26,25,24,28,25,25,25,24,23
Franklin,HS,Spanish,9-12,148,161,173,187,184,191,207,216,225,234,233,240,248
Franklin,HS,Total,9-12,1811,1809,1780,1725,1689,1607,1567,1530,1492,1424,1338,1296,1276
Alameda,ES,Total,K-5,521,496,513,503,498,503,507,502,492,486,476,465,461
Beverly Cleary,K8,Total,K-8,560,535,480,464,430,412,407,398,389,392,379,377,374
Laurelhurst,K8,Total,K-8,659,656,610,574,607,587,560,542,525,516,498,491,471
Beaumont,MS,Neighborhood,6-8,320,319,315,314,295,279,265,257,273,280,287,287,281
Beaumont,MS,Spanish,6-8,114,116,101,101,115,109,125,133,145,144,144,151,150
Beaumont,MS,Total,6-8,434,435,416,415,410,388,390,390,418,424,431,438,431
Grant,HS,Japanese,9-12,286,274,265,260,253,241,232,225,221,217,217,217,217
Grant,HS,Neighborhood,9-12,1892,1875,1809,1755,1682,1581,1481,1351,1266,1177,1115,1046,1020
Grant,HS,Total,9-12,2178,2149,2074,2015,1935,1822,1713,1576,1487,1394,1332,1263,1237
Boise-Eliot/Humboldt,ES,Total,K-5,308,315,294,310,314,333,324,322,308,292,279,267,265
Irvington,ES,Total,K-5,235,249,259,249,240,236,229,220,223,222,218,213,210
MLK Jr,ES,Mandarin,K-5,183,179,193,189,201,201,203,204,196,193,190,185,184
MLK Jr,ES,Neighborhood,K-5,124,133,126,125,136,142,143,146,141,137,130,122,119
MLK Jr,ES,Total,K-5,307,312,319,314,337,343,346,350,337,330,320,307,303
Sabin,ES,Total,K-5,302,293,269,258,236,248,240,234,235,232,229,223,220
Harriet Tubman,MS,Mandarin,6-8,32,43,48,57,50,54,47,51,52,56,60,58,58
Harriet Tubman,MS,Neighborhood,6-8,288,285,354,383,407,360,342,317,322,321,326,333,323
Harriet Tubman,MS,Total,6-8,320,328,402,440,457,414,389,368,374,377,386,391,381
Faubion,K8,Total,K-8,571,589,600,627,618,606,606,606,602,589,583,572,558
Vernon,K8,Total,K-8,578,563,541,515,492,488,477,463,453,448,444,447,444
Beach,ES,Neighborhood,K-5,134,121,133,145,158,161,167,168,160,154,148,142,137
Beach,ES,Spanish,K-5,191,174,155,140,126,127,124,129,127,124,121,118,116
Beach,ES,Total,K-5,325,295,288,285,284,288,291,297,287,278,269,260,253
Chief Joseph,ES,Total,K-5,265,275,242,242,245,248,240,234,238,234,229,224,221
Peninsula,ES,Total,K-5,234,235,239,252,250,249,236,236,236,236,228,221,217
Woodlawn,ES,Total,K-5,299,306,323,320,300,315,298,291,289,283,279,270,265
Ockley Green,MS,Neighborhood,6-8,350,341,397,372,377,350,392,390,402,386,396,405,407
Ockley Green,MS,Spanish,6-8,78,69,63,64,65,55,48,33,34,34,39,39,38
Ockley Green,MS,Total,6-8,428,410,460,436,442,405,440,423,436,420,435,444,445
Jefferson,HS,Mandarin,9-12,10,13,14,8,8,9,10,10,11,11,11,13,11
Jefferson,HS,Neighborhood,9-12,515,446,377,414,556,796,971,1148,1172,1167,1162,1146,1164
Jefferson,HS,Total,9-12,525,459,391,422,564,805,981,1158,1183,1178,1173,1159,1175
Ainsworth,ES,Neighborhood,K-5,294,289,273,268,269,274,260,258,266,265,261,255,248
Ainsworth,ES,Spanish,K-5,291,295,287,287,286,294,291,293,291,285,279,272,268
Ainsworth,ES,Total,K-5,585,584,560,555,555,568,551,551,557,550,540,527,516
Chapman,ES,Total,K-5,344,349,330,336,316,338,333,324,333,327,318,300,295
Forest Park,ES,Total,K-5,321,303,264,259,260,260,257,252,258,253,251,246,243
Skyline,K8,Total,K-8,218,226,207,203,196,197,190,180,177,170,168,174,170
West Sylvan,MS,Neighborhood,6-8,591,553,567,536,552,515,536,517,487,464,464,507,511
West Sylvan,MS,Spanish,6-8,131,117,116,117,135,132,134,128,133,131,136,138,138
West Sylvan,MS,Total,6-8,722,670,683,653,687,647,670,645,620,595,600,645,649
Lincoln,HS,Neighborhood,9-12,1387,1430,1469,1470,1432,1421,1338,1271,1231,1169,1117,1051,1021
Lincoln,HS,Spanish,9-12,192,185,178,182,166,168,168,171,180,183,180,179,185
Lincoln,HS,Total,9-12,1579,1615,1647,1652,1598,1589,1506,1442,1411,1352,1297,1230,1206
Clark,ES,Mandarin,K-5,80,72,91,95,100,94,93,92,87,85,84,84,84
Clark,ES,Neighborhood,K-5,261,259,273,268,260,261,263,258,256,253,249,242,239
Clark,ES,Total,K-5,341,331,364,363,360,355,356,350,343,338,333,326,323
Lee,ES,Total,K-5,288,257,251,254,245,249,239,252,254,252,250,243,239
Rigler,ES,Spanish,K-5,255,301,289,301,306,329,326,320,321,316,310,302,298
Rigler,ES,Total,K-5,255,301,289,301,306,329,326,320,321,316,310,302,298
Rose City Park,ES,Neighborhood,K-5,248,237,210,196,183,157,161,153,160,159,157,151,148
Rose City Park,ES,Total,K-5,464,446,417,398,391,366,368,364,370,365,359,349,345
Rose City Park,ES,Vietnamese,K-5,216,209,207,202,208,209,207,211,210,206,202,198,197
Scott,ES,Neighborhood,K-5,265,252,254,275,277,263,262,253,247,236,232,222,218
Scott,ES,Spanish,K-5,235,242,222,221,223,227,223,223,223,220,215,209,206
Scott,ES,Total,K-5,500,494,476,496,500,490,485,476,470,456,447,431,424
Vestal,ES,Total,K-5,228,257,283,288,294,290,292,287,279,278,270,267,262
Harrison Park,MS,Mandarin,6-8,80,94,111,109,92,89,96,95,98,94,100,98,96
Harrison Park,MS,Neighborhood,6-8,241,278,308,333,335,327,323,305,319,315,334,336,341
Harrison Park,MS,Total,6-8,321,372,419,442,427,416,419,400,417,409,434,434,437
Roseway Heights,MS,Neighborhood,6-8,432,421,415,391,390,382,393,379,348,350,355,373,366
Roseway Heights,MS,Spanish,6-8,83,94,93,89,84,81,84,81,78,75,79,84,85
Roseway Heights,MS,Total,6-8,551,565,572,560,554,543,555,535,498,495,512,537,531
Roseway Heights,MS,Vietnamese,6-8,36,50,64,80,80,80,78,75,72,70,78,80,80
McDaniel,HS,Neighborhood,9-12,1380,1375,1325,1269,1209,1144,1002,938,905,852,832,799,779
McDaniel,HS,PISA,9-12,66,97,65,74,78,77,75,74,72,70,70,70,70
McDaniel,HS,Spanish,9-12,204,214,205,195,180,177,172,174,174,184,193,194,204
McDaniel,HS,Total,9-12,1650,1686,1629,1588,1528,1476,1346,1292,1261,1220,1199,1167,1157
McDaniel,HS,Vietnamese,9-12,0,0,34,50,61,78,97,106,110,114,104,104,104
James John,ES,Neighborhood,K-5,220,224,232,226,222,228,233,221,216,214,209,206,203
James John,ES,Spanish,K-5,128,143,133,135,137,138,136,133,136,134,131,127,125
James John,ES,Total,K-5,348,367,365,361,359,366,369,354,352,348,340,333,328
Rosa Parks,ES,Total,K-5,177,172,160,161,159,165,168,164,168,167,166,162,159
Sitton,ES,Neighborhood,K-5,207,206,207,205,203,195,199,202,198,197,193,187,184
Sitton,ES,Spanish,K-5,128,133,138,135,130,124,118,113,113,111,108,104,102
Sitton,ES,Total,K-5,335,339,345,340,333,319,317,315,311,308,301,291,286
Astor,K8,Total,K-8,375,408,400,414,412,409,443,426,418,403,393,393,386
César Chávez,K8,Neighborhood,K-8,156,145,143,129,122,111,103,97,97,96,89,83,82
César Chávez,K8,Spanish,K-8,325,309,300,295,291,292,301,308,295,291,297,297,294
César Chávez,K8,Total,K-8,481,454,443,424,413,403,404,405,392,387,386,380,376
George,MS,Neighborhood,6-8,254,291,249,257,269,276,268,262,267,270,265,262,265
George,MS,Spanish,6-8,113,113,109,120,122,129,134,134,123,117,115,123,123
George,MS,Total,6-8,367,404,358,377,391,405,402,396,390,387,380,385,388
Roosevelt,HS,Neighborhood,9-12,1130,1110,1082,1001,970,917,850,830,782,742,744,722,719
Roosevelt,HS,PISA,9-12,71,47,38,49,53,53,53,53,53,53,53,53,53
Roosevelt,HS,Spanish,9-12,256,295,299,289,289,280,276,281,282,278,271,263,253
Roosevelt,HS,Total,9-12,1457,1452,1419,1339,1312,1250,1179,1164,1117,1073,1068,1038,1025
Bridlemile,ES,Total,K-5,446,419,423,413,414,409,409,417,408,405,399,391,386
Capitol Hill,ES,Total,K-5,361,318,325,319,310,301,306,319,311,308,301,292,286
Hayhurst,ES,Total,K-5,335,314,290,283,274,270,266,263,266,264,262,256,252
Maplewood,ES,Total,K-5,301,295,287,288,278,265,258,261,247,245,240,235,231
Markham,ES,Total,K-5,402,341,339,325,312,340,347,353,347,339,329,315,309
Rieke,ES,Total,K-5,288,278,264,255,252,296,314,317,311,298,282,256,248
Stephenson,ES,Total,K-5,310,285,281,267,271,264,251,260,261,257,253,247,242
Gray,MS,Total,6-8,472,438,432,431,427,412,403,376,368,359,379,396,398
Jackson,MS,Total,6-8,711,715,689,683,661,659,623,549,515,513,545,549,544
Ida B Wells-Barnett,HS,Total,9-12,1652,1650,1574,1555,1524,1513,1486,1488,1457,1400,1308,1266,1222
ACCESS,G28,Total,G28,329,323,324,315,310,296,286,278,275,274,276,277,277
Odyssey,K8,Total,K-8,227,211,217,221,220,223,222,223,224,225,230,235,240
Richmond,ES,Total,K-5,537,530,512,505,504,502,506,498,497,493,489,484,478
Winterhaven,K8,Total,K-8,316,322,316,315,311,312,312,311,310,310,310,309,308
da Vinci,MS,Total,K-12,407,427,429,430,430,430,428,424,419,415,412,411,409
Benson Polytechnic,HS,Total,9-12,818,896,1025,1114,1200,1216,1215,1215,1213,1211,1209,1207,1206
MLC,K12,Total,K-12,336,319,275,266,245,231,215,198,199,200,197,195,193
Other (incl. Charters),K12,Total,K-12,2659,2657,2602,2458,2375,2434,2420,2386,2339,2276,2239,2145,2133
